Rina;Sweeney;urna.Nunc@Integertincidunt.com;5306300252;566
Vivien;Hall;faucibus.id@aliquetmetus.edu;534886681;2829
Clark;Waters;at@loremvitaeodio.net;5321711590;3637
Kalia;Berg;a@vehicula.net;53848752;4179
Aladdin;Hayden;Maecenas.mi@egetmollis.org;5324387843;3739
Kylynn;Macdonald;hendrerit.consectetuer@utlacusNulla.org;535287615;2262
Prescott;Castro;leo.elementum@utnullaCras.com;531544982;4017
Linus;Stein;sit.amet@Donec.net;534285436;2081
Daphne;Giles;egestas.ligula@necenimNunc.ca;537662108;533
Donovan;Hodge;Mauris.vestibulum.neque@CurabiturmassaVestibulum.com;532894203;4354
Malik;Harrington;non@Quisqueornare.edu;5302242891;2580
Blair;Hicks;ornare.Fusce@diamatpretium.com;5323146931;91
Scarlet;Pate;orci.quis@sagittisplaceratCras.co.uk;5328123221;291
Hannah;Mcdowell;rutrum@tristiqueneque.org;5324795456;3170
Murphy;Kennedy;a.neque.Nullam@Incondimentum.co.uk;539437949;3155
Felix;Newman;egestas@diam.edu;532805365;2585
Caesar;Rojas;Praesent.interdum@acorci.co.uk;5327325529;2447
Octavius;Shaffer;ipsum@et.ca;5323037164;2446
Roanna;Kramer;ac.metus@arcuVestibulum.co.uk;535699006;1862
Nathaniel;Wooten;lacus.vestibulum@vitaerisusDuis.ca;5325625352;80
Karen;Hill;facilisis@urna.edu;539634135;4629
Marny;Warner;Donec.sollicitudin@blanditcongueIn.co.uk;539211317;2619
Upton;Lynch;pede.Cum.sociis@nequeSedeget.edu;536292542;3069
Callie;Bishop;ipsum.Suspendisse@sitametrisus.com;5324928898;2943
Xaviera;Barton;ultrices.Duis@tristique.org;5323366890;985
Hedwig;Benton;Vivamus@imperdiet.co.uk;5327677142;2434
Nolan;Bass;Aliquam@ipsumPhasellusvitae.com;5324682431;292
Armand;Hess;Proin@enim.org;5325917179;215
Leroy;George;sit.amet@Donec.net;5329835280;3249
Catherine;Hammond;ut.lacus.Nulla@lorem.org;5325716200;4912
Thane;Stanley;arcu.et@aliquamadipiscing.edu;5324588610;1282
Yetta;Watson;neque.Sed@arcu.ca;539544240;933
Oprah;Jacobs;odio@Donec.ca;531124051;4828
Zia;Kirk;et.lacinia.vitae@leo.net;533972214;2213
Giselle;Harvey;at.pede@orci.edu;5324682431;4467
Hedy;Murray;quis.arcu.vel@acarcu.org;534112469;4648
Kendall;Dudley;ipsum@et.ca;531224849;4666
Christopher;Warren;mus@acmetus.couk;5327551478;3909
Belle;Knowles;ÅŸut.mi@pede.couk;5326641437;25
